{
    "epoch": 3.0,
    "eval_loss": 0.5592581033706665,
    "eval_runtime": 1.1297,
    "eval_samples_per_second": 66.388,
    "eval_steps_per_second": 16.818,
    "total_flos": 1.2155644469870592e+16,
    "train_loss": 3.629683639385082,
    "train_runtime": 222.5707,
    "train_samples_per_second": 19.207,
    "train_steps_per_second": 0.607
}