{
    "epoch": 3.0,
    "total_flos": 1.2155644469870592e+16,
    "train_loss": 3.629683639385082,
    "train_runtime": 222.5707,
    "train_samples_per_second": 19.207,
    "train_steps_per_second": 0.607
}