{
  "num_pairs": 485,
  "beta": 0.1,
  "learning_rate": 5e-05,
  "epochs": 2,
  "metrics": {
    "train_runtime": 2883.6224,
    "train_samples_per_second": 0.336,
    "train_steps_per_second": 0.01,
    "total_flos": 0.0,
    "train_loss": 0.06554304474460272,
    "epoch": 1.9793814432989691
  }
}