{
    "epoch": 3.0,
    "eval_loss": 0.4515928030014038,
    "eval_runtime": 1.4297,
    "eval_samples_per_second": 69.944,
    "eval_steps_per_second": 17.486,
    "total_flos": 1.467640701302784e+16,
    "train_loss": 3.0232146958173334,
    "train_runtime": 289.5273,
    "train_samples_per_second": 19.532,
    "train_steps_per_second": 0.611
}